period,geo4,weather_cat,crashes,fatalities,fatal_per_1000,share,share_pct
2012–2014,MELB_URBAN,Fine/Clear,17308,142,8.204298590247285,0.6316096777725067,63.16096777725066
2012–2014,MELB_URBAN,Raining,3272,22,6.723716381418093,0.11940298507462686,11.940298507462686
2012–2014,MELB_URBAN,Fog/Smoke,5313,97,18.257105213626954,0.19388388132686202,19.388388132686202
2012–2014,MELB_URBAN,Snow/Hail,57,2,35.08771929824562,0.0020800642265445387,0.20800642265445388
2012–2014,MELB_URBAN,Windy,450,13,28.88888888888889,0.01642155968324636,1.642155968324636
2012–2014,MELB_URBAN,Dust,367,2,5.449591280653951,0.013392694230558697,1.3392694230558697
2012–2014,MELB_URBAN,Other/Unknown,636,0,0,0.023209137685654857,2.320913768565486
2012–2014,RURAL_VICTORIA,Fine/Clear,6000,253,42.166666666666664,0.6729475100942126,67.29475100942126
2012–2014,RURAL_VICTORIA,Raining,976,37,37.90983606557377,0.1094661283086586,10.94661283086586
2012–2014,RURAL_VICTORIA,Fog/Smoke,175,7,40,0.019627635711081202,1.9627635711081202
2012–2014,RURAL_VICTORIA,Snow/Hail,13,0,0,0.0014580529385374607,0.14580529385374608
2012–2014,RURAL_VICTORIA,Windy,1583,114,72.01516108654454,0.1775459847465231,17.754598474652312
2012–2014,RURAL_VICTORIA,Dust,40,0,0,0.004486316733961417,0.44863167339614174
2012–2014,RURAL_VICTORIA,Other/Unknown,129,4,31.007751937984494,0.014468371467025572,1.4468371467025571
2012–2014,SMALL_CITIES,Fine/Clear,1458,12,8.23045267489712,0.685472496473907,68.5472496473907
2012–2014,SMALL_CITIES,Raining,223,3,13.452914798206278,0.10484250117536437,10.484250117536437
2012–2014,SMALL_CITIES,Fog/Smoke,317,2,6.309148264984227,0.14903620122237893,14.903620122237893
2012–2014,SMALL_CITIES,Snow/Hail,8,0,0,0.0037611659614480487,0.37611659614480486
2012–2014,SMALL_CITIES,Windy,74,6,81.08108108108108,0.034790785143394454,3.479078514339445
2012–2014,SMALL_CITIES,Dust,26,0,0,0.012223789374706159,1.222378937470616
2012–2014,SMALL_CITIES,Other/Unknown,21,0,0,0.009873060648801129,0.9873060648801129
2012–2014,TOWNS,Fine/Clear,913,18,19.715224534501644,0.7023076923076923,70.23076923076923
2012–2014,TOWNS,Raining,129,1,7.751937984496124,0.09923076923076923,9.923076923076923
2012–2014,TOWNS,Fog/Smoke,165,5,30.303030303030305,0.12692307692307692,12.692307692307692
2012–2014,TOWNS,Snow/Hail,1,1,1000,7.692307692307692e-4,0.07692307692307693
2012–2014,TOWNS,Windy,69,6,86.95652173913044,0.05307692307692308,5.3076923076923075
2012–2014,TOWNS,Dust,14,0,0,0.010769230769230769,1.0769230769230769
2012–2014,TOWNS,Other/Unknown,9,0,0,0.006923076923076923,0.6923076923076923
2015–2017,MELB_URBAN,Fine/Clear,18111,141,7.785323836342554,0.6414606502798045,64.14606502798044
2015–2017,MELB_URBAN,Raining,2629,21,7.98782807151008,0.09311468442303605,9.311468442303605
2015–2017,MELB_URBAN,Fog/Smoke,5708,100,17.51927119831815,0.20216759934830347,20.216759934830346
2015–2017,MELB_URBAN,Snow/Hail,73,2,27.397260273972602,0.002585535170361975,0.2585535170361975
2015–2017,MELB_URBAN,Windy,474,17,35.86497890295359,0.016788269462350357,1.6788269462350358
2015–2017,MELB_URBAN,Dust,357,5,14.005602240896359,0.012644329531770205,1.2644329531770204
2015–2017,MELB_URBAN,Other/Unknown,882,0,0,0.03123893178437345,3.1238931784373447
2015–2017,RURAL_VICTORIA,Fine/Clear,6768,276,40.780141843971634,0.6797910807553235,67.97910807553235
2015–2017,RURAL_VICTORIA,Raining,889,41,46.11923509561305,0.08929288871032544,8.929288871032544
2015–2017,RURAL_VICTORIA,Fog/Smoke,256,7,27.34375,0.02571313780634793,2.571313780634793
2015–2017,RURAL_VICTORIA,Snow/Hail,21,0,0,0.002109280835676979,0.21092808356769788
2015–2017,RURAL_VICTORIA,Windy,1820,116,63.73626373626374,0.18280433909200483,18.280433909200482
2015–2017,RURAL_VICTORIA,Dust,49,1,20.408163265306122,0.004921655283246284,0.49216552832462834
2015–2017,RURAL_VICTORIA,Other/Unknown,153,6,39.21568627450981,0.015367617517075131,1.5367617517075132
2015–2017,SMALL_CITIES,Fine/Clear,1638,16,9.768009768009769,0.7008985879332478,70.08985879332478
2015–2017,SMALL_CITIES,Raining,193,1,5.181347150259067,0.08258451005562688,8.258451005562687
2015–2017,SMALL_CITIES,Fog/Smoke,381,9,23.62204724409449,0.16302952503209242,16.30295250320924
2015–2017,SMALL_CITIES,Snow/Hail,5,2,400,0.002139495079161318,0.21394950791613182
2015–2017,SMALL_CITIES,Windy,65,0,0,0.02781343602909713,2.781343602909713
2015–2017,SMALL_CITIES,Dust,23,1,43.47826086956522,0.009841677364142062,0.9841677364142062
2015–2017,SMALL_CITIES,Other/Unknown,32,0,0,0.013692768506632435,1.3692768506632436
2015–2017,TOWNS,Fine/Clear,996,12,12.048192771084338,0.7129563350035791,71.29563350035791
2015–2017,TOWNS,Raining,116,1,8.620689655172415,0.08303507516105942,8.303507516105942
2015–2017,TOWNS,Fog/Smoke,180,3,16.666666666666668,0.12884753042233357,12.884753042233358
2015–2017,TOWNS,Snow/Hail,2,0,0,0.0014316392269148174,0.14316392269148173
2015–2017,TOWNS,Windy,78,5,64.1025641025641,0.05583392984967788,5.583392984967788
2015–2017,TOWNS,Dust,12,0,0,0.008589835361488905,0.8589835361488906
2015–2017,TOWNS,Other/Unknown,13,0,0,0.009305654974946313,0.9305654974946312
2018–2020,MELB_URBAN,Fine/Clear,16950,129,7.610619469026549,0.6853192091537622,68.53192091537622
2018–2020,MELB_URBAN,Raining,1459,11,7.539410555174777,0.05899001334249788,5.899001334249788
2018–2020,MELB_URBAN,Fog/Smoke,4611,81,17.56668835393624,0.186431083976873,18.6431083976873
2018–2020,MELB_URBAN,Snow/Hail,60,2,33.333333333333336,0.0024259087049690697,0.24259087049690697
2018–2020,MELB_URBAN,Windy,385,8,20.77922077922078,0.01556624752355153,1.556624752355153
2018–2020,MELB_URBAN,Dust,311,1,3.215434083601286,0.012574293454089678,1.2574293454089678
2018–2020,MELB_URBAN,Other/Unknown,957,1,1.044932079414838,0.03869324384425666,3.869324384425666
2018–2020,RURAL_VICTORIA,Fine/Clear,6092,227,37.261982928430726,0.6999885097092956,69.99885097092957
2018–2020,RURAL_VICTORIA,Raining,513,11,21.44249512670565,0.05894519131334023,5.894519131334023
2018–2020,RURAL_VICTORIA,Fog/Smoke,286,7,24.475524475524477,0.03286223141445479,3.286223141445479
2018–2020,RURAL_VICTORIA,Snow/Hail,13,0,0,0.0014937377915661266,0.14937377915661265
2018–2020,RURAL_VICTORIA,Windy,1601,106,66.20861961274204,0.18395955417672066,18.395955417672067
2018–2020,RURAL_VICTORIA,Dust,57,2,35.08771929824562,0.006549465701482247,0.6549465701482248
2018–2020,RURAL_VICTORIA,Other/Unknown,141,7,49.645390070921984,0.016201309893140295,1.6201309893140294
2018–2020,SMALL_CITIES,Fine/Clear,1527,16,10.478061558611657,0.7337818356559347,73.37818356559347
2018–2020,SMALL_CITIES,Raining,108,3,27.77777777777778,0.05189812590100913,5.189812590100913
2018–2020,SMALL_CITIES,Fog/Smoke,333,9,27.027027027027028,0.1600192215281115,16.001922152811147
2018–2020,SMALL_CITIES,Snow/Hail,5,0,0,0.002402691013935608,0.2402691013935608
2018–2020,SMALL_CITIES,Windy,51,2,39.21568627450981,0.0245074483421432,2.45074483421432
2018–2020,SMALL_CITIES,Dust,17,0,0,0.008169149447381067,0.8169149447381067
2018–2020,SMALL_CITIES,Other/Unknown,40,1,25,0.019221528111484865,1.9221528111484865
2018–2020,TOWNS,Fine/Clear,909,15,16.501650165016503,0.7414355628058727,74.14355628058728
2018–2020,TOWNS,Raining,56,3,53.57142857142857,0.04567699836867863,4.567699836867863
2018–2020,TOWNS,Fog/Smoke,155,7,45.16129032258065,0.1264274061990212,12.64274061990212
2018–2020,TOWNS,Snow/Hail,1,0,0,8.156606851549756e-4,0.08156606851549755
2018–2020,TOWNS,Windy,72,1,13.88888888888889,0.05872756933115824,5.872756933115824
2018–2020,TOWNS,Dust,10,1,100,0.008156606851549755,0.8156606851549755
2018–2020,TOWNS,Other/Unknown,23,0,0,0.018760195758564437,1.8760195758564437
2021–2023,MELB_URBAN,Fine/Clear,17893,148,8.271391046778069,0.6536016949152542,65.36016949152543
2021–2023,MELB_URBAN,Raining,2332,11,4.716981132075472,0.08518410286382233,8.518410286382233
2021–2023,MELB_URBAN,Fog/Smoke,5208,91,17.473118279569892,0.190239625949737,19.0239625949737
2021–2023,MELB_URBAN,Snow/Hail,55,1,18.181818181818183,0.0020090590298071304,0.20090590298071304
2021–2023,MELB_URBAN,Windy,417,11,26.378896882494004,0.015232320280537698,1.5232320280537697
2021–2023,MELB_URBAN,Dust,370,0,0,0.013515488018702513,1.3515488018702513
2021–2023,MELB_URBAN,Other/Unknown,1101,2,1.8165304268846503,0.0402177089421391,4.02177089421391
2021–2023,RURAL_VICTORIA,Fine/Clear,6745,286,42.40177909562639,0.689954991816694,68.9954991816694
2021–2023,RURAL_VICTORIA,Raining,767,27,35.202086049543674,0.07845744680851063,7.845744680851063
2021–2023,RURAL_VICTORIA,Fog/Smoke,430,11,25.58139534883721,0.043985270049099835,4.398527004909983
2021–2023,RURAL_VICTORIA,Snow/Hail,20,0,0,0.0020458265139116204,0.20458265139116205
2021–2023,RURAL_VICTORIA,Windy,1530,94,61.43790849673203,0.15650572831423895,15.650572831423895
2021–2023,RURAL_VICTORIA,Dust,69,5,72.46376811594203,0.00705810147299509,0.705810147299509
2021–2023,RURAL_VICTORIA,Other/Unknown,215,5,23.25581395348837,0.021992635024549918,2.1992635024549916
2021–2023,SMALL_CITIES,Fine/Clear,1616,14,8.663366336633663,0.7026086956521739,70.26086956521739
2021–2023,SMALL_CITIES,Raining,175,4,22.857142857142858,0.07608695652173914,7.608695652173914
2021–2023,SMALL_CITIES,Fog/Smoke,350,5,14.285714285714286,0.15217391304347827,15.217391304347828
2021–2023,SMALL_CITIES,Snow/Hail,6,0,0,0.0026086956521739132,0.26086956521739135
2021–2023,SMALL_CITIES,Windy,73,5,68.4931506849315,0.03173913043478261,3.173913043478261
2021–2023,SMALL_CITIES,Dust,31,0,0,0.013478260869565217,1.3478260869565217
2021–2023,SMALL_CITIES,Other/Unknown,49,0,0,0.021304347826086957,2.130434782608696
2021–2023,TOWNS,Fine/Clear,1023,16,15.640273704789834,0.7396963123644251,73.96963123644251
2021–2023,TOWNS,Raining,89,0,0,0.064352856109906,6.4352856109906
2021–2023,TOWNS,Fog/Smoke,168,4,23.80952380952381,0.12147505422993492,12.147505422993492
2021–2023,TOWNS,Snow/Hail,1,0,0,7.230657989877079e-4,0.07230657989877079
2021–2023,TOWNS,Windy,59,2,33.898305084745765,0.04266088214027477,4.2660882140274765
2021–2023,TOWNS,Dust,21,0,0,0.015184381778741865,1.5184381778741864
2021–2023,TOWNS,Other/Unknown,22,1,45.45454545454545,0.015907447577729574,1.5907447577729574
2024–2025,MELB_URBAN,Fine/Clear,4568,40,8.756567425569177,0.6661805454280297,66.61805454280298
2024–2025,MELB_URBAN,Raining,475,6,12.631578947368421,0.06927227650576054,6.927227650576054
2024–2025,MELB_URBAN,Fog/Smoke,1431,31,21.663172606568832,0.20869184774682806,20.869184774682807
2024–2025,MELB_URBAN,Snow/Hail,26,0,0,0.0037917456613679452,0.3791745661367945
2024–2025,MELB_URBAN,Windy,103,4,38.83495145631068,0.015021146273880705,1.5021146273880706
2024–2025,MELB_URBAN,Dust,123,2,16.260162601626018,0.0179378737057022,1.79378737057022
2024–2025,MELB_URBAN,Other/Unknown,131,0,0,0.019104564678430802,1.9104564678430802
2024–2025,RURAL_VICTORIA,Fine/Clear,1651,68,41.18715929739552,0.6766393442622951,67.66393442622952
2024–2025,RURAL_VICTORIA,Raining,173,8,46.24277456647399,0.0709016393442623,7.09016393442623
2024–2025,RURAL_VICTORIA,Fog/Smoke,141,3,21.27659574468085,0.05778688524590164,5.778688524590164
2024–2025,RURAL_VICTORIA,Snow/Hail,5,0,0,0.0020491803278688526,0.20491803278688525
2024–2025,RURAL_VICTORIA,Windy,426,26,61.032863849765256,0.17459016393442622,17.45901639344262
2024–2025,RURAL_VICTORIA,Dust,28,0,0,0.011475409836065573,1.1475409836065573
2024–2025,RURAL_VICTORIA,Other/Unknown,16,0,0,0.006557377049180328,0.6557377049180327
2024–2025,SMALL_CITIES,Fine/Clear,407,9,22.11302211302211,0.7320143884892086,73.20143884892086
2024–2025,SMALL_CITIES,Raining,31,0,0,0.05575539568345324,5.575539568345324
2024–2025,SMALL_CITIES,Fog/Smoke,88,1,11.363636363636363,0.15827338129496402,15.827338129496402
2024–2025,SMALL_CITIES,Snow/Hail,1,0,0,0.0017985611510791368,0.1798561151079137
2024–2025,SMALL_CITIES,Windy,14,1,71.42857142857143,0.025179856115107913,2.5179856115107913
2024–2025,SMALL_CITIES,Dust,8,0,0,0.014388489208633094,1.4388489208633095
2024–2025,SMALL_CITIES,Other/Unknown,7,0,0,0.012589928057553957,1.2589928057553956
2024–2025,TOWNS,Fine/Clear,217,5,23.04147465437788,0.6955128205128205,69.55128205128204
2024–2025,TOWNS,Raining,24,0,0,0.07692307692307693,7.6923076923076925
2024–2025,TOWNS,Fog/Smoke,48,2,41.666666666666664,0.15384615384615385,15.384615384615385
2024–2025,TOWNS,Windy,18,1,55.55555555555556,0.057692307692307696,5.769230769230769
2024–2025,TOWNS,Dust,4,0,0,0.01282051282051282,1.282051282051282
2024–2025,TOWNS,Other/Unknown,1,0,0,0.003205128205128205,0.3205128205128205
