period,geo4,light_cat,crashes,fatalities,fatal_per_1000
2012–2014,MELB_URBAN,Daylight,17308,142,8.204298590247285
2012–2014,MELB_URBAN,Dusk/Dawn,3272,22,6.723716381418093
2012–2014,MELB_URBAN,Dark—Lighted,5313,97,18.257105213626954
2012–2014,MELB_URBAN,Dark—Unlighted,57,2,35.08771929824562
2012–2014,MELB_URBAN,Other/Unknown,1453,15,10.323468685478321
2012–2014,RURAL_VICTORIA,Daylight,6000,253,42.166666666666664
2012–2014,RURAL_VICTORIA,Dusk/Dawn,976,37,37.90983606557377
2012–2014,RURAL_VICTORIA,Dark—Lighted,175,7,40
2012–2014,RURAL_VICTORIA,Dark—Unlighted,13,0,0
2012–2014,RURAL_VICTORIA,Other/Unknown,1752,118,67.35159817351598
2012–2014,SMALL_CITIES,Daylight,1458,12,8.23045267489712
2012–2014,SMALL_CITIES,Dusk/Dawn,223,3,13.452914798206278
2012–2014,SMALL_CITIES,Dark—Lighted,317,2,6.309148264984227
2012–2014,SMALL_CITIES,Dark—Unlighted,8,0,0
2012–2014,SMALL_CITIES,Other/Unknown,121,6,49.586776859504134
2012–2014,TOWNS,Daylight,913,18,19.715224534501644
2012–2014,TOWNS,Dusk/Dawn,129,1,7.751937984496124
2012–2014,TOWNS,Dark—Lighted,165,5,30.303030303030305
2012–2014,TOWNS,Dark—Unlighted,1,1,1000
2012–2014,TOWNS,Other/Unknown,92,6,65.21739130434783
2015–2017,MELB_URBAN,Daylight,18111,141,7.785323836342554
2015–2017,MELB_URBAN,Dusk/Dawn,2629,21,7.98782807151008
2015–2017,MELB_URBAN,Dark—Lighted,5708,100,17.51927119831815
2015–2017,MELB_URBAN,Dark—Unlighted,73,2,27.397260273972602
2015–2017,MELB_URBAN,Other/Unknown,1713,22,12.84296555750146
2015–2017,RURAL_VICTORIA,Daylight,6768,276,40.780141843971634
2015–2017,RURAL_VICTORIA,Dusk/Dawn,889,41,46.11923509561305
2015–2017,RURAL_VICTORIA,Dark—Lighted,256,7,27.34375
2015–2017,RURAL_VICTORIA,Dark—Unlighted,21,0,0
2015–2017,RURAL_VICTORIA,Other/Unknown,2022,123,60.83086053412463
2015–2017,SMALL_CITIES,Daylight,1638,16,9.768009768009769
2015–2017,SMALL_CITIES,Dusk/Dawn,193,1,5.181347150259067
2015–2017,SMALL_CITIES,Dark—Lighted,381,9,23.62204724409449
2015–2017,SMALL_CITIES,Dark—Unlighted,5,2,400
2015–2017,SMALL_CITIES,Other/Unknown,120,1,8.333333333333334
2015–2017,TOWNS,Daylight,996,12,12.048192771084338
2015–2017,TOWNS,Dusk/Dawn,116,1,8.620689655172415
2015–2017,TOWNS,Dark—Lighted,180,3,16.666666666666668
2015–2017,TOWNS,Dark—Unlighted,2,0,0
2015–2017,TOWNS,Other/Unknown,103,5,48.54368932038835
2018–2020,MELB_URBAN,Daylight,16950,129,7.610619469026549
2018–2020,MELB_URBAN,Dusk/Dawn,1459,11,7.539410555174777
2018–2020,MELB_URBAN,Dark—Lighted,4611,81,17.56668835393624
2018–2020,MELB_URBAN,Dark—Unlighted,60,2,33.333333333333336
2018–2020,MELB_URBAN,Other/Unknown,1653,10,6.049606775559589
2018–2020,RURAL_VICTORIA,Daylight,6092,227,37.261982928430726
2018–2020,RURAL_VICTORIA,Dusk/Dawn,513,11,21.44249512670565
2018–2020,RURAL_VICTORIA,Dark—Lighted,286,7,24.475524475524477
2018–2020,RURAL_VICTORIA,Dark—Unlighted,13,0,0
2018–2020,RURAL_VICTORIA,Other/Unknown,1799,115,63.924402445803224
2018–2020,SMALL_CITIES,Daylight,1527,16,10.478061558611657
2018–2020,SMALL_CITIES,Dusk/Dawn,108,3,27.77777777777778
2018–2020,SMALL_CITIES,Dark—Lighted,333,9,27.027027027027028
2018–2020,SMALL_CITIES,Dark—Unlighted,5,0,0
2018–2020,SMALL_CITIES,Other/Unknown,108,3,27.77777777777778
2018–2020,TOWNS,Daylight,909,15,16.501650165016503
2018–2020,TOWNS,Dusk/Dawn,56,3,53.57142857142857
2018–2020,TOWNS,Dark—Lighted,155,7,45.16129032258065
2018–2020,TOWNS,Dark—Unlighted,1,0,0
2018–2020,TOWNS,Other/Unknown,105,2,19.047619047619047
2021–2023,MELB_URBAN,Daylight,17893,148,8.271391046778069
2021–2023,MELB_URBAN,Dusk/Dawn,2332,11,4.716981132075472
2021–2023,MELB_URBAN,Dark—Lighted,5208,91,17.473118279569892
2021–2023,MELB_URBAN,Dark—Unlighted,55,1,18.181818181818183
2021–2023,MELB_URBAN,Other/Unknown,1888,13,6.885593220338983
2021–2023,RURAL_VICTORIA,Daylight,6745,286,42.40177909562639
2021–2023,RURAL_VICTORIA,Dusk/Dawn,767,27,35.202086049543674
2021–2023,RURAL_VICTORIA,Dark—Lighted,430,11,25.58139534883721
2021–2023,RURAL_VICTORIA,Dark—Unlighted,20,0,0
2021–2023,RURAL_VICTORIA,Other/Unknown,1814,104,57.33186328555678
2021–2023,SMALL_CITIES,Daylight,1616,14,8.663366336633663
2021–2023,SMALL_CITIES,Dusk/Dawn,175,4,22.857142857142858
2021–2023,SMALL_CITIES,Dark—Lighted,350,5,14.285714285714286
2021–2023,SMALL_CITIES,Dark—Unlighted,6,0,0
2021–2023,SMALL_CITIES,Other/Unknown,153,5,32.6797385620915
2021–2023,TOWNS,Daylight,1023,16,15.640273704789834
2021–2023,TOWNS,Dusk/Dawn,89,0,0
2021–2023,TOWNS,Dark—Lighted,168,4,23.80952380952381
2021–2023,TOWNS,Dark—Unlighted,1,0,0
2021–2023,TOWNS,Other/Unknown,102,3,29.41176470588235
2024–2025,MELB_URBAN,Daylight,4568,40,8.756567425569177
2024–2025,MELB_URBAN,Dusk/Dawn,475,6,12.631578947368421
2024–2025,MELB_URBAN,Dark—Lighted,1431,31,21.663172606568832
2024–2025,MELB_URBAN,Dark—Unlighted,26,0,0
2024–2025,MELB_URBAN,Other/Unknown,357,6,16.80672268907563
2024–2025,RURAL_VICTORIA,Daylight,1651,68,41.18715929739552
2024–2025,RURAL_VICTORIA,Dusk/Dawn,173,8,46.24277456647399
2024–2025,RURAL_VICTORIA,Dark—Lighted,141,3,21.27659574468085
2024–2025,RURAL_VICTORIA,Dark—Unlighted,5,0,0
2024–2025,RURAL_VICTORIA,Other/Unknown,470,26,55.319148936170215
2024–2025,SMALL_CITIES,Daylight,407,9,22.11302211302211
2024–2025,SMALL_CITIES,Dusk/Dawn,31,0,0
2024–2025,SMALL_CITIES,Dark—Lighted,88,1,11.363636363636363
2024–2025,SMALL_CITIES,Dark—Unlighted,1,0,0
2024–2025,SMALL_CITIES,Other/Unknown,29,1,34.48275862068966
2024–2025,TOWNS,Daylight,217,5,23.04147465437788
2024–2025,TOWNS,Dusk/Dawn,24,0,0
2024–2025,TOWNS,Dark—Lighted,48,2,41.666666666666664
2024–2025,TOWNS,Other/Unknown,23,1,43.47826086956522
